,RMSE,MAPE
0-CC-1,0.013973466228477624,0.012705806052108424
0-CC-3,0.012711042395543107,0.011261352746427351
10-CC-2,0.012886384405310671,0.013541495561462466
10-CC-3,0.01346397576667397,0.01361094430904515
25-CC-2,0.004482365960264561,0.004320878543190393
25-CC-3,0.0037968560502677326,0.0034420236254404076
40-CC-2,0.005586905423972096,0.005609055751655571
40-CC-3,0.005752796713648329,0.005938412080361861
