,RMSE,MAPE
25-5,0.012089788118220514,0.012179375674978855
25-6,0.00516102808243063,0.004650202470642816
25-7,0.004916816296611493,0.004684655324626458
25-8,0.001739135264115187,0.0015129198607931537
45-1,0.0187755089693771,0.015162021537050107
45-2,0.02126500743449114,0.015444957769288814
45-3,0.01807024251054827,0.013223737666760185
45-4,0.014488165714396904,0.01303777060616202
45-5,0.021223668852954798,0.019453578857180447
45-6,0.013456328339719197,0.010110028375912966
