,RMSE,MAPE
25-3,0.0027491735605146067,0.002359340090326419
25-4,0.004549240443651191,0.004442893457763556
25-5,0.009786087012455176,0.009131877623240393
25-6,0.0034877131004383464,0.0029274768135301664
25-7,0.0057384825733599,0.005836718934488253
25-8,0.0018715554465560313,0.001561557471432547
45-3,0.00504671658121551,0.004144548355126976
45-4,0.01579334573116031,0.011719454730147235
45-5,0.013079565298887564,0.013513840759992216
45-6,0.0038791991910324688,0.0036543107571929993
