,RMSE,MAPE
25-3,0.007837820735217743,0.0061054446339656185
25-4,0.012014022634225482,0.0068014058175313846
25-5,0.011379661798215498,0.00959323106335091
25-6,0.01047996926652768,0.009525077009370494
25-7,0.009182057003047526,0.00803594520846136
25-8,0.012157841407111323,0.010509217129354133
45-3,0.020096625598058814,0.01781385765381541
45-4,0.012025731810851701,0.009791755746653724
45-5,0.010085276567146587,0.009282224573001593
45-6,0.004418515302049695,0.0038482424848329515
