,RMSE,MAPE
0-CC-3,0.003657086371942667,0.0032456443078687854
10-CC-1,0.038159139425536906,0.04306493923524123
10-CC-2,0.03744174933774826,0.04270339651077163
10-CC-3,0.03587798300754632,0.040377827093949645
25-CC-1,0.05463881833842531,0.05947300938119009
25-CC-2,0.0514153518721795,0.05647392727276485
25-CC-3,0.05696608878351893,0.06207916852275114
40-CC-1,0.0481306541623199,0.05609351148288561
40-CC-2,0.05023988729414803,0.05905248098212393
40-CC-3,0.05071364477193051,0.059406242660363186
