,RMSE,MAPE
0-CC-1,0.007045999050314051,0.006637175081876966
0-CC-3,0.006937438458310289,0.006504586056766977
10-CC-2,0.024447633074839704,0.027795771276436364
10-CC-3,0.024783777938478788,0.02764309967260505
25-CC-2,0.01654162334009703,0.01827646702742209
25-CC-3,0.013349370349631285,0.01432777290480853
40-CC-2,0.012714867879597089,0.01425747055361913
40-CC-3,0.013961227940568479,0.015236132517626559
