,RMSE,MAPE
CY25-05_1-#18,0.008821474178489113,0.008954555068460601
CY25-05_1-#19,0.010142613611613682,0.010508233448665777
CY35-05_1-#2,0.0021436742571958197,0.001524800547877657
CY45-05_1-#24,0.004723044823434153,0.005030637622314121
CY45-05_1-#25,0.0129261619368333,0.014829797176385976
CY45-05_1-#26,0.0053994210203299284,0.006333796049921951
CY45-05_1-#27,0.003576356781099149,0.0031843573645676114
CY45-05_1-#28,0.0059792022108609184,0.006678699708418802
