,RMSE,MAPE
25-5,0.010684373261543822,0.009973691049493597
25-6,0.004475491524639531,0.004001342044742901
25-7,0.005451505377423306,0.005642400185431112
25-8,0.002487451001743536,0.0022403891522398806
45-1,0.0024438917191193102,0.002089233884714621
45-2,0.00861431677563001,0.0069388725655417215
45-3,0.0032330479816498805,0.0028096013541290933
45-4,0.01486404801029303,0.011467521794315736
45-5,0.009743529279534,0.009435340930472332
45-6,0.0017631958376514312,0.0015925218493160532
