,RMSE,MAPE
CY25-05_1-#18,0.044672334285705884,0.048632165831850316
CY25-05_1-#19,0.055125292838215975,0.05962254534221608
CY35-05_1-#2,0.013063072191698201,0.012112980613176092
CY45-05_1-#24,0.028110050384515393,0.03171981482279096
CY45-05_1-#25,0.010319158345553837,0.009350875337722189
CY45-05_1-#26,0.024179917967139225,0.02802846248577053
CY45-05_1-#27,0.026362090281285843,0.029018928077948817
CY45-05_1-#28,0.010956410552251602,0.01075096361833697
