,RMSE,MAPE
0-CC-1,0.020299812756037313,0.016417748918827958
0-CC-3,0.02030537738983457,0.019781196597039565
10-CC-2,0.013754718547989871,0.013878874921086224
10-CC-3,0.022131995378493825,0.02186850418467779
25-CC-2,0.030471447314292483,0.026203493717971958
25-CC-3,0.017809465272008676,0.019435651107873042
40-CC-2,0.029166983690250645,0.03431148045926162
40-CC-3,0.023884223849440375,0.027667262166285234
