,RMSE,MAPE
25-3,0.005067055556458894,0.004389106568975543
25-4,0.0059939261209783455,0.005204032584429751
25-5,0.009790407650755133,0.008758234053233949
25-6,0.00765103525905148,0.007690756938659648
25-7,0.00406155848986924,0.0036531238779822853
25-8,0.01153213427470013,0.010353337282692054
45-3,0.018242046195841084,0.015237913157129912
45-4,0.011745161857738332,0.010146738584413126
45-5,0.008106913581796778,0.0072486160431652754
45-6,0.0020458370069749805,0.001874575914716798
