,RMSE,MAPE
0-CC-1,0.01942058212640605,0.02004115360788139
0-CC-3,0.017564625885524033,0.018360743666657884
10-CC-2,0.006801780255163936,0.006292947133117184
10-CC-3,0.008132024768659221,0.007366723127375509
25-CC-2,0.007606497608734899,0.007827932147461282
25-CC-3,0.011550757944311242,0.0123589819098134
40-CC-2,0.00911120143288609,0.009624015383169598
40-CC-3,0.009900645016816475,0.010651436445327659
