,RMSE,MAPE
25-3,0.016107604823440886,0.012153784156524758
25-4,0.010677760385374675,0.009857226306639542
25-5,0.017901617637024823,0.013336148835616105
25-6,0.015944836148728207,0.014091022510957958
25-7,0.015975099109209894,0.013653861175525096
25-8,0.010657451030853514,0.010691713987060378
45-3,0.026754400450276692,0.02275319476147382
45-4,0.016855733472816728,0.01440089890921096
45-5,0.017548800268773587,0.014753634856056545
45-6,0.010450423861827554,0.010079312159812774
