,RMSE,MAPE
CY25-05_1-#18,0.04326661404718335,0.04710977297352296
CY25-05_1-#19,0.05317198028696038,0.05735645167767061
CY35-05_1-#2,0.012912811356581323,0.012229655200711098
CY45-05_1-#24,0.02821121199116873,0.03164784631046506
CY45-05_1-#25,0.011089193689280206,0.009673444733604458
CY45-05_1-#26,0.024094596562394068,0.027817906216369086
CY45-05_1-#27,0.026474179302483417,0.028807759838072388
CY45-05_1-#28,0.011322580655875937,0.011001537177895052
