,RMSE,MAPE
25-5,0.010247097910891144,0.009792409490079576
25-6,0.005117223047134358,0.004405916245028507
25-7,0.006456462169251042,0.006301602804765669
25-8,0.0019170244049224589,0.0016808934779695152
45-1,0.01991014058319596,0.013860453200702685
45-2,0.022093872668427467,0.017574386673076682
45-3,0.017345121559388065,0.011803640877824201
45-4,0.017528765297869002,0.01738426248205343
45-5,0.019943457760269054,0.01795500319208734
45-6,0.0147369476356181,0.010120737608672098
