,RMSE,MAPE
CY25-05_1-#18,0.007307200945782488,0.006357703707186161
CY25-05_1-#19,0.007539935398967806,0.0062537005629824715
CY35-05_1-#2,0.006629447091299163,0.007291868133837258
CY45-05_1-#24,0.0044993441701004725,0.004724113969488941
CY45-05_1-#25,0.004950945264440551,0.005071954711736891
CY45-05_1-#26,0.00230403124800633,0.0025489153111059866
CY45-05_1-#27,0.00868957452717563,0.009936475889341921
CY45-05_1-#28,0.0022575756488762114,0.0020731004170158806
