,RMSE,MAPE
25-3,0.003616482000556237,0.003351593981579171
25-4,0.003996865390380021,0.003900237089946183
25-5,0.011054232783194114,0.010392017185425076
25-6,0.0048951408475664225,0.004538928280689413
25-7,0.004894402784791224,0.004459986978298372
25-8,0.0025363060111497355,0.0021128086992086613
45-3,0.0021029215778599676,0.0020706107415692887
45-4,0.011884452513091994,0.010075903453332044
45-5,0.006502053764166259,0.0065679579917539725
45-6,0.004027808166918246,0.003066759770384173
