,RMSE,MAPE
25-5,0.01163132324945066,0.010869732631506278
25-6,0.006114464512360944,0.005884871100809768
25-7,0.0037551941739330024,0.0033812547416205534
25-8,0.00958877011300315,0.008612776226497287
45-1,0.01228254258651672,0.011235522470194673
45-2,0.005665607357123519,0.004975639228792708
45-3,0.019433940437590776,0.016911345932766785
45-4,0.012503333013918866,0.010908485324458024
45-5,0.009249322821231441,0.008677737718194132
45-6,0.0030869080883878094,0.002970792356035422
