,RMSE,MAPE
25-3,0.005966427393593596,0.005161906938583799
25-4,0.0034802530113719576,0.003174075746722223
25-5,0.009833786259842658,0.009361545639863892
25-6,0.005056547261686956,0.004271647661311235
25-7,0.009626302966066373,0.009980741623088069
25-8,0.0028764033248604047,0.0026128270398850686
45-3,0.00605942918985681,0.004733755123067835
45-4,0.019971586271867958,0.015636602219153667
45-5,0.015422624632391429,0.015672473112757927
45-6,0.0044485381132658725,0.004473321340537034
