,RMSE,MAPE
25-5,0.01245743663164838,0.010606188444529914
25-6,0.0068680485268901815,0.006679475636847751
25-7,0.0056003144133808256,0.004826716073319319
25-8,0.00856746759543444,0.008385496753901591
45-1,0.014086090867836265,0.01211211491056257
45-2,0.007749727139881362,0.006168161591296581
45-3,0.02126503126021665,0.01825958598081854
45-4,0.013958054098092627,0.011680209046827058
45-5,0.010855089569574929,0.009306795175645668
45-6,0.004032269679185646,0.0037820484497581033
