,RMSE,MAPE
25-5,0.011270063583918822,0.010621819335912218
25-6,0.005850457259067945,0.0058691782377271835
25-7,0.0020733663387282916,0.0017344664998552933
25-8,0.009774051050276225,0.007972789569563111
45-1,0.013549982023015232,0.012889734529239121
45-2,0.005937554946398721,0.005206648383206029
45-3,0.019823101905457323,0.016866973081833384
45-4,0.013423329239450723,0.012100867309838552
45-5,0.010090173274139308,0.009511587995956727
45-6,0.0032852914493371192,0.003086231436589698
