,RMSE,MAPE
CY25-05_1-#18,0.045057699366847455,0.04880187186180401
CY25-05_1-#19,0.0552969996451434,0.059166417066383065
CY35-05_1-#2,0.011689738927699289,0.011217429633776995
CY45-05_1-#24,0.026534722476685944,0.03007102776526549
CY45-05_1-#25,0.0071442230841000905,0.006226472953791628
CY45-05_1-#26,0.02278712622745115,0.02654523085028524
CY45-05_1-#27,0.02503990500899497,0.027899873463733633
CY45-05_1-#28,0.010014271482988904,0.009579023824366123
