,RMSE,MAPE
0-CC-1,0.0164169301849694,0.014813038934893006
0-CC-3,0.018234709209526273,0.017592542195621643
10-CC-2,0.013131310033898138,0.0122092598207077
10-CC-3,0.022817723564599653,0.02476423427193541
25-CC-2,0.02355060979084816,0.024437562396760586
25-CC-3,0.018102767297609457,0.019046292394766913
40-CC-2,0.027717015747064658,0.032458567583822685
40-CC-3,0.022417861688356695,0.025594477014390642
