,RMSE,MAPE
0-CC-3,0.005125371135058467,0.004928103170700145
10-CC-1,0.03544813838008296,0.040009643862624705
10-CC-2,0.03503076142645786,0.039979351006277385
10-CC-3,0.03322544627308487,0.037385105948199694
25-CC-1,0.05927526505335574,0.0640239008296907
25-CC-2,0.05296881378842151,0.05805805637678503
25-CC-3,0.06195432415275239,0.06688283667338332
40-CC-1,0.04789903482684722,0.05546506132290824
40-CC-2,0.05008431171007191,0.058525189296451695
40-CC-3,0.05047037526159058,0.05895642211541273
