,RMSE,MAPE
CY25-05_1-#18,0.0054555895406873944,0.0055992408651583175
CY25-05_1-#19,0.007186890455114441,0.007671524807714515
CY35-05_1-#2,0.00626141232639958,0.006878501795735835
CY45-05_1-#24,0.002898001000112665,0.0028923962420998417
CY45-05_1-#25,0.00789258765960668,0.009043870871981644
CY45-05_1-#26,0.0013844160291758278,0.0011161500263028791
CY45-05_1-#27,0.007263550537179089,0.008194953279248596
CY45-05_1-#28,0.0023292893458838945,0.002317755372565962
