,RMSE,MAPE
0-CC-1,0.013958776597876034,0.013250626609377474
0-CC-3,0.01625488946696817,0.016266451211268546
10-CC-2,0.011025583679326786,0.011275968607785423
10-CC-3,0.01994635585798404,0.02090673114931101
25-CC-2,0.030859464782125097,0.03287268771544677
25-CC-3,0.024385928212319087,0.02529532056916713
40-CC-2,0.022930561124743648,0.02593033360625587
40-CC-3,0.01759592363481786,0.018823681129444155
